<?xml version="1.0" encoding="utf-8"?>
<!DOCTYPE hibernate-configuration PUBLIC
"-//Hibernate/Hibernate Configuration DTD 3.0//EN"
"http://www.hibernate.org/dtd/hibernate-configuration-3.0.dtd">

<hibernate-configuration>
	<session-factory>
		<property name="hibernate.connection.driver_class">com.mysql.cj.jdbc.Driver</property>
		<property name="hibernate.connection.url">jdbc:mysql://obelix.epd.gov.hk:3307/garlic</property>
		<property name="hibernate.connection.username">root</property>
		<property name="hibernate.connection.password">pass</property>
		<property name="hibernate.dialect">org.hibernate.dialect.MySQL8Dialect</property>
		<property name="show_sql">false</property>
		<property name="format_sql">false</property>
		<!-- <property name="hibernate.hbm2ddl.auto">update</property> -->
		<mapping class="main.java.model.Quotation" />
		<mapping resource="quotation.hbm.xml" />


	</session-factory>
</hibernate-configuration>
