<?xml version="1.0" encoding="UTF-8" ?>
<!DOCTYPE log4j:configuration SYSTEM "http://logging.apache.org/log4j/1.2/apidocs/org/apache/log4j/xml/doc-files/log4j.dtd">
<log4j:configuration
	xmlns:log4j="http://jakarta.apache.org/log4j/" threshold="info">

	<appender name="console"
		class="org.apache.log4j.ConsoleAppender">
		<param name="Target" value="System.out" />
		<param name="threshold" value="info" />
		<layout class="org.apache.log4j.PatternLayout">
			<param name="ConversionPattern"
				value="%d{yyyy-MM-dd HH:mm:ss} %-5p %c{1}:%L - %m%n" />
		</layout>
	</appender>

	<appender name="fileAppender"
		class="org.apache.log4j.RollingFileAppender">
		<param name="File" value="log/updateQuotes.log" />
		<param name="threshold" value="info" />
		<layout class="org.apache.log4j.PatternLayout">
			<param name="ConversionPattern"
				value="%d{yyyy-MM-dd HH:mm:ss} %-5p %c{1}:%L - %m%n" />
		</layout>
	</appender>

	<root>
		<appender-ref ref="console" />
		<appender-ref ref="fileAppender" />
	</root>


</log4j:configuration>
